Project name,Project Ticker,since,Max. Supply,Type of Funding,Consensus Type,Algorithm,Base Code,Mineable,Difficulty Adjustment,Block Size (MD),block time,Transactions Per second,MasterNodes,Privacy By default,optional privacy,Privacy Type/Features,other features,Community size,developers count,Team Members total,official website,repository,oficial paper,offers exclusive mobile wallet?,open source mobile wallets,open source wallet ios,open source wallet Android,notes
Zcash,ZEC,2014,"21,000,000",Dev Fund,POW,Equihash,Bitcoin,Yes,Every Block,2MB,37 seconds,26.67,No,NO,Yes,Zero Knowledge Proofs,,"76,920",13,28,https://z.cash/,https://github.com/zcash,http://zerocash-project.org/media/pdf/zerocash-extended-20140518.pdf,yes,yes,https://z.cash/wallets/,,
Monero,XMR,2014,"18,400,000",,POW,RandomX,,Yes,Every Block,dynamic,60 s,30,No,YES,Yes,CryptoNote,,"184,342",49,,https://web.getmonero.org/,https://github.com/monero-project,https://github.com/monero-project/research-lab/blob/master/whitepaper/whitepaper.pdf,yes,yes,https://github.com/cake-tech/cake_wallet,,
DASH,DASH,,"18,900,000",10% it receives from mining,POW,X11,Bitcoin,Yes,,,2.5 minutes,56,Yes,,,PrivateSend / CoinJoin,,"402,482",29,71,http://dash.org/,https://github.com/dashpay,,yes,yes,https://github.com/dashevo/dashwallet-ios,https://github.com/dashevo/dash-wallet,
Bytecoin,BCN,,"184,470,000,000",,,,,,,,,60,No,,,CryptoNote,,"59,944",4,26,https://bytecoin.org/,https://github.com/bcndev/bytecoin,https://cryptonote.org/whitepaper.pdf,android only,no,,,
Verge,XVG,2014,"16,555,000,000",Donations,Multi-Proof-of-Work (POW),"Scrypt, X17, Lyra2rev2, Myriad-Groestl and Blake2s",Peercoin,YES,Dark Gravity?,,30s,100,No,NO,yes,": Tor IP obfuscation , I2P","Encrypted Messaging, Verge was several times successfully attacked in the past","347,383",3,11,https://vergecurrency.com/,https://github.com/vergecurrency,https://vergecurrency.com/static/blackpaper/verge-blackpaper-v5.0.pdf,yes,yes,https://github.com/vergecurrency/vIOS,,
Electroneum,ETN,2017,"21,000,000,000",ICO,Proof-of-Work (POW),Cryptonight,Monero,YES,,,60 seconds,15,No,,,,"Controversial KYC and AML verification, Simulated Android Mining with Rewards,","272,209",8,12,https://electroneum.com/,https://github.com/electroneum,No paper,yes,no,,,
PIVX,PIVX,2016,unlimited,16.66% of Rewards for Budgeting System,Proof-of-Stake (POS) + Masternodes,POS v3.0,DASH,NO,every block,2,1 minute,173,YES,NO,YES,"Zerocoin Protocol, RSA-Accumulator, Coin mixing,",SwiftX,"91,753",10,22,https://pivx.org/,https://github.com/PIVX-Project,https://pivx.org/wp-content/uploads/2017/03/PIVX-purple-paper-Technincal-Notes.pdf,yes,yes,https://github.com/PIVX-Project/PIVX-iOS,https://github.com/PIVX-Project/PIVX-Android,
Zcoin,XZC,2016,"21,400,000","10% of Blockrewards for Founders Reward = 2,140,000",Proof-of-Work (POW) + Masternodes,MTP (Merkle Tree Proof),Zerocoin,,,,5 minutes,48,YES,,,"Zerocoin, integrated Tor, Dandelion, RSA accumulator",,"94,351",10,16,https://zcoin.io/,https://github.com/zcoinofficial/zcoin,https://zcoin.io/wp-content/uploads/2016/11/zerocoinwhitepaper.pdf,no,,,,
Bitcoin Private,BTCP,2018,"21,000,000","Voluntary Miner Contribution Program,",Proof-of-Work (POW),Equihash,Fork from ZCL and BTC,YES,,2 MB,2.5 m,,NO,NO,YES,zk-SNARKs,,"65,016",20,34,https://btcprivate.org/,https://github.com/BTCPrivate/BitcoinPrivate,https://btcprivate.org/whitepaper.pdf,no,,,,
Enigma,ENG,2017,"150,000,000",ICO,Multi-tiered Proof-of-Staking System,,Ethereum,NO,,,,,NO,,,Secret Contracts/Secure computation,Catalyst,"61,922",9,15,https://www.enigma.co/,https://github.com/enigmampc,no paper,no,,,,
Apollo Currency,APL,2018,"21,165,096,531","100% pre-mine: 10% to NXT holders, 37% Dev fund, 53% private/public investors",Proof-of-Stake (POS),,NXT Fork,NO,,,,,NO,NO,YES,"Coin shuffling, IP masking, Coin Mixing, private ledger function","Encrypted messaging, Alias System, File Storage,","139,965",6,18,https://apollocurrency.com/en/,https://github.com/ApolloFoundation/Apollo,https://www.dropbox.com/s/d1snbit9g2xf2ke/ApolloEnglishWhitepaper.pdf?dl=0,yes,no,,,
GRIN,GRIN,2019,Unlimited,"Donations only, 100% community-driven funding model",Proof-of-Work (POW),Cuckoo Cycle,MimbleWimble Protocol,YES,,,1 minute,,NO,,,MimbleWimble,,"13,454",,,https://grin.mw/,https://github.com/mimblewimble,https://download.wpsoftware.net/bitcoin/wizardry/mimblewimble.txt,no,,,,
NAVcoin,NAV,2014,Unlimited,Community Fund (details not clear),Proof-of-Stake (POS),,Bitcoin Core,NO,,,30 seconds,"260+ T/s tested, Target: 1,120",NO,NO,YES,"RSA, Dual-Chain, Secret Token, ZeroCT (testing)","OpenAlias, Cold staking, Multi-person wallets, SegWit,","54,403",,,https://navcoin.org/en,https://github.com/NAVCoin,,yes,yes,https://github.com/sakdeniz/next,,
Zclassic,ZCL,2016,"21,000,000",Donations only,Proof-of-Work (POW),Equihash,Zcash,YES,"Digishield V3, Difficulty adjusts each block",,2.5 minutes,,NO,NO,YES,Zero-knowledge,Sapling,"43,081",,,https://www.zclassic.org/,https://github.com/ZclassicCommunity/zclassic,no paper,no,,,,
BEAM,BEAM,2019,"262,800,000",In the first 5 years 25% of Blockrewards,Proof-of-Work (POW),Equihash 150/5,Mimblewimble protocol,YES,,,1 minute,"Currently ~17 T/s, Target: 60",NO,YES,"YES, Auditor keys","Dandelion, Mimblewimble protocol","atomic swap, No addresses or other private information stored on the blockchain","9,634",8,18,https://beam.mw/,https://github.com/BeamMW/beam,https://docs.beam.mw/BEAM_Position_Paper_v0.2.2.pdf,yes,no,,,
DERO,DERO,2017,"18,400,000,","Premine: 2,000,000",DAG + Proof-of-Work (POW),CryptoNight,Dag/CryptoNote protocol,YES,Retargets at every block,1.25MB,12 seconds,,NO,YES,,"SSL/TLS network, Zero Knowledge range-proofs(NIZK), Ring Confidential Transactions (RingCT)","Dero Rocket Bulletproofs, No Orphan Blocks","4,084",,,https://dero.io/#!,https://github.com/deroproject,https://dero.io/attachment/Whitepaper.pdf,no,,,,
LOKI,LOKI,2018,"150,000,000","Premine 22,500,000 + 5% of Blockrewards for Governance",Hybrid Proof-of-Work (POW) / Proof-of-Service,Cryptonight Heavy,Monero,YES,Zawy LWMA,Dynamic Block Size, 2 minutes,,Service Nodes,YES,NO,"LLARP, Tor, I2P, Ring signatures, Stealth addresses, RingCT,","SNApps (Service Node Applications), Loki Messenger, Blink (near instant transaction),","6,641",8,14,https://loki.network/,https://github.com/loki-project/,https://loki.network/wp-content/uploads/2018/10/LokiWhitepaperV3_1.pdf,yes,yes,https://github.com/loki-project/session-ios,https://github.com/loki-project/session-android,chat app ?
DAPS Project,DAPS,2018,"70,000,000,000",Founder Fee: 4.76% of Blockrewards,PoA/PoS v3.0/MN,in-house PoW algo called Proof-Of-Audit,ERC-20 Based,NO,,10MB,1,,YES,YES,YES,"RingCT, Stealth Addresses, Mandatory TOR/OBFS4 node relays, ZK-Starks (planned)",,"3,031",3,19,https://officialdapscoin.com/,https://github.com/DAPScoin/,https://officialdapscoin.com/wp-content/uploads/2019/05/whitepaper.pdf,no,,,,
CrypticCoin,CRYP,2018,"~7,600,000,000",Premined: 55% !!!,Proof-of-Work (POW),Equihash,Bitcoin,YES,,,,,NO,YES,YES,"Enriched ZeroCash Protocol zk-SNARKs, Hybrid Stealth Addressing, Tor IP obfuscation service",Dual-Coin-System,"4,668",2,10,https://crypticcoin.io/,https://github.com/crypticcoinvip,https://crypticcoin.io/wp-content/uploads/2018/04/CrypticCoin-Technical-4-24-18.compressed.pdf,no,,,,
Aeon,AEON,2014,18.400.000,Voluntary community donations,KangarooTwelve (POW),CryptoNight-Lite,CryptoNote,YES,Retargets at every block,,240 seconds = 4 minutes,,NO,YES,YES,Ring signatures,NO Whitepaper!!,"13,162",,,http://www.aeon.cash/,https://github.com/aeonix/aeon-gui,no paper,no,,,,
Spectrecoin,XSPEC,2016,Unlimited,1/6 (~16.7%) of Block Rewards go to team development fund,Proof-of-Stake v3.0 (POS),Proof-of-Stealth anonymous staking algorithm,Blackcoin,NO,,,1 minute,100,NO,NO,YES,"Built in Tor, Ring Signatures, OBFS4, Stealth addresses","Dual-coin system, Anonymous Spectrecoin Creation",,4,8,https://spectreproject.io/,https://github.com/spectrecoin/spectre,https://spectreproject.io/Spectrecoin_White-Paper.pdf,no,,,,
DeepOnion,ONION,2017,"25,000,000","Absolute unclear: Premine + Airdrops + 2,000,000 hold by Founding Members",Hybrid Proof-of-Work (POW) / Proof-of-Stake (POS),X13,,YES,diff retarget each block,,3 or 4 minutes,62,NO,,,"Onion Router protocol (TOR Network), Stealth adresses, OBFS4, Meek, DeepSend","DeepVault notarization technology, browser apps, VoteCentral","15,923",9,21,https://deeponion.org/,https://github.com/deeponion/deeponion,https://deeponion.org/downloads/whitepaper.pdf,android only,yes,https://github.com/deeponion/electrum-deeponion,,electrum clone
CloakCoin,CLOAK,2014,"Today 5,277,872, +6% yearly","Self-funded, Donations",Proof-of-Stake (POS),improved version of PoSA3,Bitcoin Codebase v0.17.0.1,NO,,,1 minute,,NO,YES,YES,"CloakShield, Enigma, Stealth addresses",,"26,344",4,23,https://www.cloakcoin.com/en/home.html,https://github.com/CloakProject,https://www.cloakcoin.com/en/project/whitepaper,android only,yes,,https://github.com/CloakProject/cloakcoin-mobile-wallet,
Phore,PHR,2017,"30,000,000",Development Fund - 10% of block rewards,Proof-of-Stake (POS),POS v3.0,Rebrand of KryptKoin (KTK),NO,,,1 minute,,YES,NO,YES,"Zerocoin Protocol (zPHR),","Segwit Integration,","63,040",6,18,https://phore.io/,https://github.com/phoreproject/Phore,https://phore.io/wp-content/uploads/2019/03/Phore_Blockchain_Whitepaper_v2.2.1_English.pdf,yes,yes,https://github.com/phoreproject/Phore-iOS,https://github.com/phoreproject/Phore-Android,
Graft,GRFT,2018,"1,844,674,400","Donations, Investors",Hybrid Proof-of-Stake (POS) / Proof-of-Work (POW),Cryptonight V8,Cryptonote??,YES,,,2 minutes,,"NO, but Supernode, Proxy Supernode",,"YES, digital identity profile",CryptoNote protocol,instant transation speed,"3,981",4,14,https://www.graft.network/,https://github.com/graft-project,https://www.graft.network/wp-content/uploads/2018/02/Graft-White-Paper-1.2.pdf,yes,no,,,
Stealth,XST,2014,"20,700,000","Premine: 232,740 = ~1%",Quantum Proof-of-Stake (qPoS),X13,,NO,,,: 1 minute,,NO,,,"Tor Privacy, StealthText (anonymous cryptographic SMS transaction sending technology)",StealthRelay,"11,580",,,https://stealth.org/,https://github.com/StealthSend/Stealth/wiki/Stealth-Quantum-PoS-(qPoS),https://github.com/StealthSend/Stealth/wiki/Stealth-Quantum-PoS-(qPoS),yes,no,,,
Haven Protocol,XHV,2018,"18,400,000 coins before tail emission and Offshore Storage",5% governance fee from block reward,Proof-of-Work (POW),Cryptonight Haven,Monero,YES,LWMA difficulty algorithim,,2 minutes,,NO,YES,NO,"Offshore Storage (burning), Ring signatures, Ring Confidential Transactions (RingCT), stealth addresses","stable fiat value storage, dual coin blockchain","8,137",,,https://www.havenprotocol.com/,https://github.com/haven-protocol-org,https://www.havenprotocol.com/files/ugd/4f3cdc_fadc169c04a342a9bc4eee93f408628a.pdf,no,,,,
Shield,XSH,2017,"752,520,000",Donations only driven,Hybrid Multi-Proof-of-Work (POW)/ Proof of Stake (POS),"Scrypt, X16s, X17, Myriad-Groestl, Blake2s, Lyra2rev2",Bitcoin Core v0.16.1,YES,,,45 seconds,,YES,NO,YES,???,"PoS BOO, social media integration (planned)",,,,http://www.shield-coin.com/,https://github.com/ShieldCoin/SHIELD,no paper,no,,,,
BitcoinZ,BTCZ,2017,"21,000,000,000",,Proof-of-Work (POW),Zhash (Equihash) 144/5,Zcash,YES,,,2.5 Minutes,,NO,YES,,zk-SNARKs,,"5,955",,,https://btcz.rocks/,https://github.com/btcz/bitcoinz,https://drive.google.com/file/d/1aLuEcyHNKq215X4am2YQNXfQmPnV1pTt/edit,no,,,,
SnowGem,SnowGem,2018,"84,096,000",7.5% founders reward per block,Proof-of-Work (POW),Zhash (Equihash) 144/5,Zcash,YES,Difficulty Re-targeting every block,,1 minute,,YES,NO,YES,zSNARKs,,"1,299",5,7,https://snowgem.org/,https://github.com/Snowgem/Snowgem,no paper,no,,,,
Ryo Currency,RYO,2018,80.188.888,"8,000,000 Dev Fund over 6 years",Proof-of-Work (POW),Cryptonite GPU,Monero,YES,Difficulty adjusted every block,,240 seconds = 4 minutes,,NO,YES,NO,Ring Confidential Transactions (RingCT) with minimum ringsize of 25,"Bulletproofs, Increasing default ring sizes. (up to 100+","1,256",2,7,https://ryo-currency.com/,https://github.com/ryo-currency/ryo-currency,https://cryptonote.org/whitepaper.pdf,no,,,,
Zero,ZER,2017,"17,000,000",7.5% per block.for development,Proof-of-Work (POW),Equihash 192/7,Zcash,YES,,,2 minutes,,NO,NO,YES,"zk-SNARKs, latest Zcash technology pulled",,"3,493",2,7,https://github.com/zerocurrency/zero,https://github.com/zerocurrency/zero,no paper,no,,,,
VEIL,VEIL,2019,"300,000,000","Different Founder Rewards per year, declining over time.",Hybrid Proof-of-Stake (POS) / Proof-of-Work (POW),X16RT,Bitcoin Core 0.17.1,YES,retargeting every block,2 MB,1 minute,,NO,YES,NO,"Zerocoin protocol, Dandelion protocol, Confidential Transactions (RingCT)","Bulletproofs, multi-transaction Zerocoin spends",,,,https://veil-project.com/,https://github.com/Veil-Project/veil,no paper,no,,,,
Sumokoin,SUMO,2017,"88,888,888","~8,800,000",Proof-of-Work (POW),Cryptonite,Cryptonite,YES,,,240 seconds = 4 minutes,,NO,,,Confidential Transactions (RingCT),Bulletproof,"7,101",4,4,https://www.sumokoin.org/,https://github.com/sumoprojects/sumokoin,https://cryptonote.org/whitepaper.pdf,no,,,,
Bitcoin Zero,BZX,2018,"40,000,000",From Block Reward: 31 of 75 to dev fund,Hybrid Proof-of-Work (POW) / Proof-of-Stake (POS),Lyra2z,"First ever TRIPLE fork from BTC, LTC, HXX",YES,Dark Gravity Wave,4MB,2.5 minutes,,YES,NO,YES,ZeroCoin Protocol patched,"AtomicSwap, three coin privacy-focused ecosystem","2,923",4,12,,https://github.com/SpecialCoins/BitcoinZero/,no paper,no,,,,
Lobstex,LOBS,2018,"78,600,000","Premine: 2,500,000",Proof-of-Stake (POS),Quark,,NO,,,1 minute,,YES,NO,YES,Zerocoin Protocol,,,,,http://www.lobstex.com/,https://github.com/avymantech/lobstex,http://lobstex.com/wp-content/uploads/2018/08/Lobstex-Whitepaper.pdf,no,,,,
Bulwark,BWK,2017,"27,000,000","Unclear, Funding Problems !!!",Proof-of-Stake (POS),,"PIVX 2.3, then backported code from Bitcoin 0.13 and DASH 12.1",NO,,,90 seconds,,YES,NO,YES,Zerocoin Protocol,"Bulwark Secure Home Node, Citadel Home Router","7,613",4,7,down,https://github.com/bulwark-crypto,no paper,no,,,,
NOIR (rebrand of Zoin!),NOR,"2016, NOIR since November 2018","21,000,000",From block rewards: 37.5 of 50.0 to DEV fund (75% !!!),Proof-of-Work (POW),Lyra2z330,"Zcoin, unknown for Zcoin",YES,,,2.5 minutes,,YES,,,Zerocoin Protocol,"Zcoin discontinued, claims that some devs have stollen funds and rebranded it to NOIR",497,,,https://noirofficial.org/,https://github.com/noirofficial/noir,https://noirofficial.org/wp-content/uploads/2018/10/NoirWhitepaper.pdf,yes,no,,,
HUSH,HUSH,2016,"21,000,000","Premine: 0.578% (121,475), Founder Reward removed",Proof-of-Work (POW),Equihash,Bitcoin??,YES,"Every block, Digishield V3","unknown, no whitepaper !!!",2.5 minutes,,NO??,"unknown, no whitepaper !!!","unknown, no whitepaper !!!","zkSNARK (upstream Zcash 1.0.13 build), TLS (secure nodes), TOR nodes","Private Hush Messenger, HushList,","4,810",3,4,https://myhush.org/,https://github.com/MyHush/hush3,https://github.com/leto/hushlist/blob/master/whitepaper/protocol.pdf,no,,,,
Wispr,WSP,2018,"120,000,000","Premine: 25,000,000",v3.0 Proof-of-Stake (PoS),,"Blackcoin, a fork from Bitcoin",NO,,,1 minute,,YES,,,"unknown, no whitepaper !!!",,941,5,12,down,https://github.com/WisprProject/core,,no,,,,
PRiVCY,PRIV,2018,"30,000,000",premined coins: 21 000 000 !!!,Hybrid Proof-of-Stake (POS) / Proof-Of-Work (POW),X13,,YES,,1.5 MB,27.0 seconds,,NO,,,"PRiVCY Mixer + integrated with TOR, Stealth adresses",PRIVCY Messenger,"5,849",,,https://privcy.eu/,https://github.com/privcycoin/privcy,https://privcy.eu/#whitepaper,yes,no,,,
Crave,CRAVE,2015,"1,000,000,000",Up to 9% of block rewards are allocated to project development,v3.0 Proof-of-Stake (PoS),SHA-256,"Bitcoin, DASH, PIVX",NO,,Adaptive Blocks up to 40MB,1 minute,,YES,,,Zerocoin Protocol which uses the RSA-2048 accumulator,LightX,"2,657",3,,https://crave.cc/,https://github.com/Crave-Community-Project,https://crave.cc/pdf/White_Paper_for_Crave_NextGen.pdf,no,no,,,
Bitcash,BITC,2019,"100,000,000 (planned)",9.7% premine + 10% developer reward from mining,Proof of Work (POW),X16R,BitCoin v0.16 fork,YES,Virtual Timespan Retargeting (VTR),,1 minute,,NO,YES,"YES, law enforcement agencies can request a “Private Master Key”",Monero stealth adresses,"Named accounts, Stable currency feature, Send coins via Twitter, Twitch and Instagram",,,,https://www.choosebitcash.com/,https://github.com/WillyTheCat/BitCash,no paper,android only,no,,,
Bitcoin Confidentia,BC,2019,"8,000,000,000 (estiminated)",Self-funding budget,Proof-of-Stake (PoS),Improved Proof of Stake V3.0,Bitcoin codebase,NO,,,,,NO,YES,,Confidential Transactions (RingCT),"Cold staking, Segwit Ready, Lightning Network Ready,","22,326 (Smartcash Community)",11 (Smartcash Team),35,https://bitcoinconfidential.cc/,https://github.com/Bitcoin-Confidential,no paper,no,,,,
uPlexa,UPX,2018,"10,500,000,000",Premine: 7%,Proof-of-Work (POW),Modified CryptoNight-Light Variant 1 (CryptoNight-UPX),Cryptonote,YES,LWMA Difficulty Algorithm,2 minutes,,,NO,YES,,Ring Confidential Transactions (RingCT),"Mineable with Android Phones, Aims to be mineable with ioT devices,","7,420",,,https://uplexa.com/,https://github.com/uPlexa?tab=repositories,https://uplexa.com/content/uPlexa-Whitepaper-EN.pdf,android only,yes,,https://github.com/uPlexa/android-wallet,
Celo,cgld,2020,,% of block reward,proof-of-stake m,,,YES,,,5s,,,,,Privacy-Preserving EigenTrust through Zero-Knowledge Proofs,,,,,https://celo.org/,https://github.com/celo-org,https://celo.org/papers/Celo_A_Multi_Asset_Cryptographic_Protocol_for_Decentralized_Social_Payments.pdf,yes,yes,https://github.com/celo-org/celo-monorepo/tree/master/packages/mobile,https://github.com/celo-org/celo-monorepo/tree/master/packages/mobile,
Komodo,KMD,,,,,,,,,,,,,,,,,,,,https://komodoplatform.com/,https://github.com/KomodoPlatform,https://komodoplatform.com/wp-content/uploads/2018/06/Komodo-Whitepaper-June-3.pdf,multi currency,,,,
Horizen,ZEN,,,,proof-of-work,equihash,zcash?,yes,,,,,,,,,,,,,https://www.horizen.global/,https://github.com/ZencashOfficial,https://www.horizen.global/research/,no,,,,
Super Zero,SERO,,,,,,,,,,,,,,,,,,,,https://sero.cash/en/,https://github.com/sero-cash,https://sero.cash/SERO_ENG_V2.0.pdf,yes,no,,,
Counos X,CCXX,,,,,,,,,,,,,,,,,,,,https://www.counos.io/CounosX,https://github.com/counos-platform/counos-X,https://www.counos.io/Data/Sites/1/media/whitepages/counos-x-white-page.pdf,multi currency,,,,
MimbleWimbleCoin,MWC,,,,,,,,,,,,,,,,,,,,https://www.mwc.mw/,https://github.com/mwcproject,https://uploads-ssl.webflow.com/5c9d933e5b1cab3be19e150f/5eb336df8038fd0286ebd19c_mwc.pdf,no,,,,
Beldex,BDX,,,,,,,,,,,,,,,,,,,,https://www.beldex.io/,no,https://www.beldex.io/whitePaper,multi currency,,,,
Arpa Chain,ARPA,,,,,,,,,,,,,,,,,,,,https://arpachain.io/,no,https://docsend.com/view/t69gzij,no,,,,
Dusk Network,DUSK,,,,,,,,,,,,,,,,,,,,https://dusk.network/,https://github.com/dusk-network,https://docs.google.com/viewer?url=https://github.com/dusk-network/whitepaper/releases/download/v0.3/dusk-whitepaper.pdf,no,,,,
Particl,PART,,,,,,bitcoin,,,,,,,,,,,,,,https://particl.io/,https://github.com/particl,https://github.com/particl/whitepaper/blob/master/decentralized-private-marketplace-draft-0.1.pdf,no,no,,,
suterusu,SUTER,,,,,,,,,,,,,,,,,,,,https://www.suterusu.io/,https://github.com/suterusu-io,https://github.com/particl/whitepaper/blob/master/decentralized-private-marketplace-draft-0.1.pdf,no,,,,
King DAG,KDAG,,,,,,,,,,,,,,,,,,,,https://kdag.io/,https://github.com/Kdag-K,https://kdag.io/pdf.html,no,,,,
Origo,OGO,,,,,,,,,,,,,,,,,,,,https://origo.network/,https://github.com/origonnetwork/origo.github.io,https://origo.network/whitepaper,no,,,,
Pirate Chain ,ARRR,,,,,,,,,,,,,,,,,,,,https://pirate.black/,,https://pirate.black/files/whitepaper/The_Pirate_Code_V1.0.pdf,no,,,,
GHOSTPRISM,GHOST,,,,,,,,,,,,,,,,,,,,https://ghostxprism.com/,https://github.com/GhostXPrism,https://ghostxprism.com/downloads/GhostPrism_Litepaper_v2.pdf,no,,,,
pEOS,PEOS,,,,,,,,,,,,,,,,,,,,https://peos.one/,https://github.com/peosdev,https://peos.one/docs/pEOS_whitepaper_rev1_1.pdf,no,,,,
NIX,NIX,,,,,,,,,,,,,,,,,,,,https://nixplatform.io/,https://github.com/nixplatform/,https://nixplatform.io/docs/NIX-Platform-Whitepaper.pdf,no,no,,,
CUTcoin,CUT,,,,,,,,,,,,,,,,,,,,https://cutcoin.org/,https://github.com/cutcoin,https://static.cutcoin.org/cutcoin-whitepaper-v1.0.pdf,no,,,,
DigitalNote,XDN,,,,,,,,,,,,,,,,,,,,https://digitalnote.org/,https://github.com/xdn-project,https://digitalnote.org/wp-content/uploads/2020/02/DigitalNote_Whitepaper.pdf,no,,,,
ZumCoin,ZUM,,,,,,,,,,,,,,,,,,,,https://zumcoin.org/,https://github.com/zumcoin,http://cdn.bitcoin2.network/Documents/B2N%20-%20Brief%20Introduction%20v1.0.pdf,no,,,,
Tixl,MTXLT,,,,,,,,,,,,,,,,,,,,https://tixl.me/,no,https://tixl.me/whitepaper/,no,,,,
ZIP,ZIP,,,,,,,,,,,,,,,,,,,,https://www.zipper.io/#/,?,?,no,,,,
CloudBric,CLB,,,,,,,,,,,,,,,,,,,,https://v2.cloudbric.com/,https://github.com/Cloudbric-Project?tab=repositories,https://ico.cloudbric.io/upload/file/Cloudbric_Whitepaper_EN.pdf,no,,,,
SafeCoin,SAFE,,,,,,,,,,,,,,,,,,,,https://safecoin.org/,https://github.com/Fair-Exchange/safecoin,https://safecoin.org/whitepaper,android only,no,,,
Tarush,TAS,,,,,,,,,,,,,,,,,,,,https://tarush.tech/,https://github.com/TarushTech,https://tarush.tech/Litepaper.pdf,site offline,,,,
BZEdge,BZE,,,,,,zcash,,,,,,,,,,,,,,https://getbze.com/,https://github.com/bze-alphateam/bzedge,https://getbze.com/BZedgeWhitePaper.pdf,no,,,,
COVA,COVA,,,,,,,,,,,,,,,,,,,,https://covalent.ai/?__cf_chl_jschl_tk__=b753cb9c2df0f7f4475ca83ff6be49d60f02fb6d-1592089241-0-AeXJPoc5tcPyUR7KPBWeXv4IwJUm7P4bo997qTqiDRaO6LF2th6-BteOjtebYvJ5mUaGW6ImmeIg98kTZqAENun3pHZLZvfxsd63TGI0kVZl1mQSXadUIhsj4Grp4id4mvgmu0ML-tjq-fLdROD1YmWlMiUB5T9dm55VmwpYiL_HXdE3A3xddU6jEfCCNXdYtnNadGzXePgnvVpIIbl-4KAiVb-acgEIKe-zgKv7q9v0VEps6I4pUrn2EaT7Bw2LzzBFWvozVw7lMv-O75vDdq8,https://github.com/covalent-hq,https://docsend.com/view/dvvb75n,no,,,,
Epic Cash,EPIC,,,,,,,,,,,,,,,,,,,,https://epic.tech/,https://gitlab.com/epiccash,https://epic.tech/whitepaper/,no,,,,
Safex Cash,SFX,,,,,,,,,,,,,,,,,,,,https://safex.io/,https://github.com/safex,https://safex.io/wp-content/uploads/SafexBluePaperJan3.pdf,no,,,,
Scala,XLA,,,,,,,,,,,,,,,,,,,,https://scalaproject.io/,https://github.com/scala-network/,,android node,,,,
Kurrent,KURT,,,,,,,,,,,,,,,,,,,,https://kurrentproject.com/,https://github.com/kurrentproject/Kurrent,,no,,,,
Bridge Protocol,BRDG,,,,,,,,,,,,,,,,,,,,https://bridgeprotocol.io/,https://github.com/bridge-protocol,https://storage.googleapis.com/bridge-assets/bridge-protocol-whitepaper-1_0.pdf,android only,no,,,
Xuez,XUEZ,,,,,,,,,,,,,,,,,,,,https://xuezcoin.com/,https://github.com/xuez,https://drive.google.com/drive/folders/1mCQZEJl7l8NNsOMntG6lCU96VX3zfRnW,no,,,,
Arqma,ARQ,,,,,,,,,,,,,,,,,,,,https://arqma.com/,https://github.com/arqma,https://arqma.github.io/How-Tos/arqma/ArQmA-Like.html,no,,,,
Anoncoin,ANC,,,,,,,,,,,,,,,,,,,,https://anoncoin.net/,https://github.com/Anoncoin/anoncoin,https://github.com/Anoncoin/anoncoin,no,,,,tor no private
Signatum,SIGT,,,,,,,,,,,,,,,,,,,,https://signatum.io/,offline,https://signatum.io/signatum_whitepaper.pdf,offline,,,,
Dreamcoin,DRM,,,,,,,,,,,,,,,,,,,,http://dreamcoin.fi/,https://github.com/tsosunov/Dreamcoin,http://dreamcoin.fi/whitepaperb.pdf,no,,,,
MoX,MOX,,,,,,,,,,,,,,,,,,,,offline,offline,offline,offline,,,,
Quantis Network,QUAN,,,,,,,,,,,,,,,,,,,,https://quantisnetwork.org/,https://github.com/QuantisNetwork,https://quantisnetwork.org/wp-content/uploads/2019/01/Quantis-WP.pdf,no,,,,
AceD,ACED,,,,,,,,,,,,,,,,,,,,https://www.acedcoin.com/#wallets,no,no,no,,,,
X12 Coin,X12,,,,,,,,,,,,,,,,,,,,http://x12coin.com/,https://github.com/x12project/x12-core,http://x12coin.com/X12-Coin-Whitepaper.pdf,offline,,,,offline
Ycash,YEC,,,,,,zcash,,,,,,,,,,,,,,https://www.ycash.xyz/,https://github.com/YcashFoundation/ycash/,,no,,,,
Blur,BLUR,,,,,,,,,,,,,,,,,,,,https://blur.cash/,https://github.com/blur-network/blur,,no,,,,
Wownero,WOW,,,,,,,,,,,,,,,,,,,,https://wownero.org/,https://github.com/wownero/wownero,,no,,,,
Keep Network,KEEP,,,,,,,,,,,,,,,,,,,,https://keep.network/,https://github.com/keep-network,https://keep.network/,no,,,,
Morelo,MRL,,,,,,arqma,,,,,,,,,,,,,,https://github.com/morelo-network/morelo,https://github.com/morelo-network/morelo,http://morelo.is-great.net/MRL-Whitepaper.pdf?i=1,no,,,,
Buxcoin,BUX,,,,,,,,,,,,,,,,,,,,https://www.buxcoins.com/,https://github.com/NewBux/Buxcoin,https://buxcoins.com/white-paper.php,android only,no,,,
Bitgrin,XBG,,,,,,,,,,,,,,,,,,,,https://bitgrin.dev/,https://github.com/bitgrin/bitgrin,https://download.wpsoftware.net/bitcoin/wizardry/mimblewimble.pdf,no,,,,
DMme,DMME,,,,,,,,,,,,,,,,,,,,https://dmme.app/,,,android only,no,,,chat app
PEPS Coin,PEPS,,,,,,,,,,,,,,,,,,,,http://peps.today/,https://github.com/PEPS-Project/peps,,no,,,,
0Cash,ZCH,,,,,,bitcoinz,,,,,,,,,,,,,,https://0cash.org/,https://github.com/0cash/0cash,https://0cash.org/whitepaper.pdf,no,,,,
MoneroV,XMV,,,,,,monero,,,,,,,,,,,,,,https://monerov.org/,https://github.com/monerov,https://monerov.org/MoneroV-Roadmap.pdf,no,,,,